action_id,action_name,action_type,description
ACT_BRAKE_001,调整或更换制动衬垫,维修整改,调整间隙或更换磨损衬垫后复检
ACT_BRAKE_002,清洁制动摩擦面,维护保养,清除制动轮和衬垫油污污染
ACT_BRAKE_003,调整制动器间隙,维修整改,按厂家要求调整制动器间隙
ACT_BRAKE_004,更换制动弹簧,维修整改,更换疲劳或弹力不足的制动弹簧
ACT_BRAKE_005,检修制动臂销轴,维修整改,清洁润滑或更换卡滞销轴部件
ACT_BRAKE_006,更换制动线圈,维修整改,对过热或绝缘异常线圈进行更换
ACT_BRAKE_007,更换制动器监测开关,维修整改,更换失效反馈开关并校验信号
ACT_BRAKE_008,更换制动接触器,维修整改,更换粘连或烧蚀接触器
ACT_BRAKE_009,停止使用并专项检验,风险控制,对高风险制动异常采取停用和专项检验
ACT_DOOR_001,清洁或更换门锁触点,维修整改,处理污染磨损触点并复测回路
ACT_DOOR_002,调整门锁啮合深度,维修整改,按要求调整机械锁紧啮合
ACT_DOOR_003,拆除门锁短接并追溯原因,风险控制,恢复门锁回路并开展责任和原因排查
ACT_DOOR_004,调整或更换层门自闭装置,维修整改,恢复层门自动关闭能力
ACT_DOOR_005,更换门滑块,维修整改,更换磨损松动或缺失门滑块
ACT_DOOR_006,清理修复门导轨,维护保养,清理异物并校正导轨状态
ACT_DOOR_007,调试门机控制参数,维修整改,调整开关门速度力矩和位置参数
ACT_DOOR_008,更换光幕或安全触板,维修整改,恢复门区障碍物检测和反开门功能
ACT_DOOR_009,调整门刀门球位置,维修整改,恢复轿门层门联动配合
ACT_SAFETY_001,限速器校验或更换,专项检验,校验动作速度并更换不合格限速器
ACT_SAFETY_002,检修安全钳联动机构,维修整改,清洁润滑和调整安全钳联动机构
ACT_SAFETY_003,调整限速绳张紧装置,维修整改,恢复限速器钢丝绳张力
ACT_SAFETY_004,修复上行超速保护装置,维修整改,检修或更换上行超速保护部件
ACT_SAFETY_005,修复非预期移动保护功能,维修整改,检修传感制动和控制逻辑并复验
ACT_SAFETY_006,更换终端限位极限开关,维修整改,更换失效开关并进行端站试验
ACT_CONTROL_001,检修安全回路触点,维修整改,清洁紧固或更换接触不良触点
ACT_CONTROL_002,拆除安全回路短接,风险控制,恢复安全回路并停用复检
ACT_CONTROL_003,更换主接触器或触点,维修整改,更换粘连烧蚀接触器部件
ACT_CONTROL_004,检查控制柜并清除故障,维修整改,排查故障码对应原因并试运行
ACT_CONTROL_005,调整或更换变频器,维修整改,校准参数或更换故障驱动器
ACT_CONTROL_006,更换编码器并校准,维修整改,更换编码器并重新校准速度位置反馈
ACT_CONTROL_007,调整平层感应器,维修整改,校准平层检测位置
ACT_CONTROL_008,修复报警和应急照明,维修整改,恢复困人报警通信和应急照明
ACT_TRACTION_001,更换或修复曳引轮,维修整改,处理曳引轮槽磨损并复验曳引能力
ACT_TRACTION_002,更换曳引钢丝绳,维修整改,对断丝磨损或直径异常钢丝绳进行更换
ACT_TRACTION_003,调整钢丝绳张力,维修整改,调整各曳引绳张力均衡
ACT_TRACTION_004,检修曳引机和轮系,维修整改,处理曳引机导向轮反绳轮异常
ACT_TRACTION_005,清洁校正导轨并更换导靴,维修整改,处理导轨污染变形和导靴磨损
ACT_BUFFER_001,修复或更换缓冲器,维修整改,对复位异常或吸能不足缓冲器进行修复更换
ACT_BUFFER_002,补充油压缓冲器油液,维护保养,补充油液并检查泄漏
ACT_BUFFER_003,更换缓冲器复位开关,维修整改,恢复缓冲器电气检测功能
ACT_BUFFER_004,加固缓冲器底座,维修整改,紧固或修复腐蚀松动底座
ACT_BUFFER_005,清理底坑积水异物,维护保养,清理底坑并改善环境条件
