component_id,component_name,system_id,alias,importance,description
COMP_BRAKE_001,制动器,SYS_BRAKE,抱闸,5,实现电梯可靠制停并保持静止
COMP_BRAKE_002,制动轮,SYS_BRAKE,制动盘,4,与制动衬垫形成摩擦副
COMP_BRAKE_003,制动衬垫,SYS_BRAKE,闸瓦,4,提供制动摩擦力
COMP_BRAKE_004,制动弹簧,SYS_BRAKE,抱闸弹簧,4,提供制动力
COMP_BRAKE_005,制动臂销轴,SYS_BRAKE,抱闸臂销轴,3,传递制动力并保证动作灵活
COMP_BRAKE_006,制动线圈,SYS_BRAKE,抱闸线圈,3,通电释放制动器
COMP_BRAKE_007,制动器监测开关,SYS_BRAKE,抱闸反馈开关,4,反馈制动器释放和闭合状态
COMP_BRAKE_008,制动接触器,SYS_BRAKE,抱闸接触器,4,控制制动器电源通断
COMP_BRAKE_009,手动松闸装置,SYS_BRAKE,盘车松闸装置,3,用于紧急救援时人工释放制动器
COMP_DOOR_001,层门锁装置,SYS_DOOR,层门锁,5,确认层门关闭锁紧并接通门锁回路
COMP_DOOR_002,轿门锁装置,SYS_DOOR,轿门锁,5,确认轿门关闭锁紧
COMP_DOOR_003,门机,SYS_DOOR,门电机门机机构,4,驱动轿门和层门开闭
COMP_DOOR_004,门机控制器,SYS_DOOR,门控器,4,控制开关门速度位置和保护逻辑
COMP_DOOR_005,门滑块,SYS_DOOR,层门滑块,4,限制层门下端摆动
COMP_DOOR_006,门导轨挂轮,SYS_DOOR,门导轨门挂轮,3,支承和导向门扇运动
COMP_DOOR_007,光幕,SYS_DOOR,安全光幕,4,检测门区障碍物
COMP_DOOR_008,安全触板,SYS_DOOR,机械触板,3,检测夹人阻力并触发反开门
COMP_DOOR_009,门刀门球,SYS_DOOR,门刀层门滚轮,3,实现轿门带动层门开闭
COMP_DOOR_010,层门自闭装置,SYS_DOOR,闭门器,4,保证层门自动关闭
COMP_DOOR_011,门锁回路,SYS_DOOR,门联锁回路,5,串联确认门锁安全状态
COMP_SAFETY_001,限速器,SYS_SAFETY,速度限制器,5,检测轿厢超速并触发安全钳
COMP_SAFETY_002,安全钳,SYS_SAFETY,夹轨器,5,超速时夹紧导轨制停轿厢
COMP_SAFETY_003,限速器钢丝绳,SYS_SAFETY,限速绳,4,传递限速器动作
COMP_SAFETY_004,限速器张紧装置,SYS_SAFETY,张紧轮,3,保持限速绳张紧
COMP_SAFETY_005,上行超速保护装置,SYS_SAFETY,上行保护,5,防止轿厢上行超速
COMP_SAFETY_006,非预期移动保护装置,SYS_SAFETY,UCMP,5,防止轿厢门区非预期移动
COMP_SAFETY_007,终端限位开关,SYS_SAFETY,强迫减速开关,4,检测井道端站位置
COMP_SAFETY_008,极限开关,SYS_SAFETY,终端极限开关,5,终端越程时切断控制
COMP_CONTROL_001,安全回路,SYS_CONTROL,安全链,5,串联各安全触点形成运行许可条件
COMP_CONTROL_002,主接触器,SYS_CONTROL,运行接触器,4,控制主回路通断
COMP_CONTROL_003,接触器触点,SYS_CONTROL,继电器触点,4,实现控制回路通断
COMP_CONTROL_004,控制柜,SYS_CONTROL,电梯控制屏,4,执行逻辑控制和故障保护
COMP_CONTROL_005,变频器,SYS_CONTROL,驱动器,4,控制曳引机速度和转矩
COMP_CONTROL_006,编码器,SYS_CONTROL,速度编码器,4,反馈曳引机速度和位置
COMP_CONTROL_007,平层感应器,SYS_CONTROL,平层开关,4,检测轿厢平层位置
COMP_CONTROL_008,轿厢位置检测装置,SYS_CONTROL,位置传感器,4,检测轿厢在井道中的位置
COMP_CONTROL_009,紧急报警装置,SYS_CONTROL,五方通话,3,困人时提供报警通信
COMP_CONTROL_010,应急照明装置,SYS_CONTROL,轿厢应急灯,3,停电或困人时提供照明
COMP_TRACTION_001,曳引机,SYS_TRACTION,主机,5,提供电梯运行驱动力
COMP_TRACTION_002,曳引轮,SYS_TRACTION,驱动轮,5,通过摩擦传递曳引力
COMP_TRACTION_003,曳引钢丝绳,SYS_TRACTION,曳引绳,5,连接轿厢和对重并传递曳引力
COMP_TRACTION_004,导向轮,SYS_TRACTION,滑轮,3,改变钢丝绳方向
COMP_TRACTION_005,反绳轮,SYS_TRACTION,轿顶轮对重轮,3,承载并导向钢丝绳
COMP_TRACTION_006,对重装置,SYS_TRACTION,对重,4,平衡轿厢重量
COMP_TRACTION_007,导轨,SYS_TRACTION,轿厢导轨对重导轨,4,导向轿厢和对重运动
COMP_TRACTION_008,导靴,SYS_TRACTION,滑动导靴滚轮导靴,3,与导轨配合保证运行平稳
COMP_BUFFER_001,缓冲器,SYS_BUFFER,底坑缓冲器,5,吸收终端越程冲击能量
COMP_BUFFER_002,缓冲器复位开关,SYS_BUFFER,缓冲器电气开关,4,确认缓冲器复位状态
COMP_BUFFER_003,油压缓冲器油位装置,SYS_BUFFER,油位计,3,显示油压缓冲器油量
COMP_BUFFER_004,缓冲器底座,SYS_BUFFER,底坑支座,3,固定缓冲器并传递冲击载荷
COMP_BUFFER_005,底坑环境,SYS_BUFFER,底坑积水异物,3,影响底坑部件和安全操作
