item_id,item_name,method,description
INS_BRAKE_001,制动试验,运行试验,检查制动器制停能力和停车距离
INS_BRAKE_002,制动器间隙检查,现场测量,测量制动衬垫与制动轮间隙
INS_BRAKE_003,制动器磨损检查,现场检查,检查制动衬垫磨损裂纹和污染
INS_BRAKE_004,制动器释放闭合响应检查,运行试验,观察制动器释放和闭合是否及时
INS_BRAKE_005,制动器监测开关检查,电气测试,检查开闭反馈是否准确可靠
INS_BRAKE_006,制动接触器检查,电气检查,检查触点粘连烧蚀和释放状态
INS_BRAKE_007,手动松闸装置检查,现场检查,检查松闸装置复位和标识
INS_DOOR_001,门锁装置检查,现场检查,检查门锁啮合和电气触点
INS_DOOR_002,门锁回路测试,电气测试,检查门锁回路连续性和短接风险
INS_DOOR_003,层门自闭检查,现场检查,检查层门自动关闭能力
INS_DOOR_004,门滑块检查,现场检查,检查门滑块磨损松动和缺失
INS_DOOR_005,门机运行检查,运行试验,检查开关门速度力矩和反复开关门
INS_DOOR_006,光幕安全触板试验,功能试验,检查障碍物检测和反开门功能
INS_DOOR_007,门刀门球位置检查,现场检查,检查门刀门球配合位置
INS_SAFETY_001,限速器校验,校验试验,检查限速器动作速度和动作可靠性
INS_SAFETY_002,安全钳联动试验,功能试验,检查限速器安全钳联动和夹轨状态
INS_SAFETY_003,限速器钢丝绳张力检查,现场检查,检查限速绳张力磨损和张紧装置
INS_SAFETY_004,上行超速保护试验,功能试验,检查上行超速保护动作
INS_SAFETY_005,非预期移动保护试验,功能试验,检查门区非预期移动保护动作
INS_SAFETY_006,终端限位极限开关检查,功能试验,检查终端限位和极限开关动作
INS_CONTROL_001,安全回路检查,电气测试,检查安全触点接触和短接情况
INS_CONTROL_002,接触器检查,电气检查,检查主接触器和控制触点粘连烧蚀
INS_CONTROL_003,控制柜故障记录检查,资料和现场检查,读取控制柜故障码和历史记录
INS_CONTROL_004,变频器运行参数检查,参数检查,检查驱动参数故障记录和输出状态
INS_CONTROL_005,编码器信号检查,仪器检测,检查编码器信号丢失漂移和接线
INS_CONTROL_006,平层精度测量,现场测量,测量轿厢平层误差
INS_CONTROL_007,位置检测装置检查,功能试验,检查井道位置信号和实际位置一致性
INS_CONTROL_008,紧急报警通信试验,功能试验,检查轿厢报警和五方通话
INS_CONTROL_009,应急照明试验,功能试验,检查停电或应急条件下照明
INS_TRACTION_001,曳引能力试验,运行试验,检查曳引能力和打滑风险
INS_TRACTION_002,曳引轮槽检查,现场检查,检查曳引轮槽磨损
INS_TRACTION_003,曳引钢丝绳检查,现场检查,检查断丝磨损锈蚀和直径变化
INS_TRACTION_004,钢丝绳张力检查,仪器检测,检查各绳张力差异
INS_TRACTION_005,曳引机运行检查,运行观察,检查曳引机异响振动和温升
INS_TRACTION_006,导轨导靴检查,现场检查,检查导轨污染变形和导靴磨损
INS_TRACTION_007,轮系轴承检查,现场检查,检查导向轮反绳轮轴承状态
INS_BUFFER_001,缓冲器复位检查,现场检查,检查缓冲器是否正常复位
INS_BUFFER_002,缓冲器油位检查,现场检查,检查油压缓冲器油量和泄漏
INS_BUFFER_003,缓冲器电气开关检查,功能试验,检查缓冲器开关动作可靠性
INS_BUFFER_004,缓冲器固定和底座检查,现场检查,检查缓冲器固定腐蚀和底座状态
INS_BUFFER_005,底坑环境检查,现场检查,检查底坑积水油污异物和安全空间
