phenomenon_id,phenomenon_name,observation_method,description
PHEN_BRAKE_001,制停距离延长,运行试验,停车距离明显变长
PHEN_BRAKE_002,停梯滑移,现场观察和运行试验,电梯停止后轿厢继续滑移
PHEN_BRAKE_003,启动困难,运行试验,电梯启动时拖滞或不能正常启动
PHEN_BRAKE_004,制动器异响发热,现场观察,制动器运行中异响或温升异常
PHEN_BRAKE_005,抱闸反馈异常,控制柜故障记录,制动器开闭状态反馈与控制命令不一致
PHEN_DOOR_001,反复开关门,现场观察,门机反复开闭
PHEN_DOOR_002,门关闭不到位,现场观察,轿门或层门不能完全关闭
PHEN_DOOR_003,门锁回路断续,仪表检测和故障记录,门锁回路信号间歇中断
PHEN_DOOR_004,开门运行倾向,检验试验,门未可靠关闭锁紧时存在运行许可
PHEN_DOOR_005,夹人反开失效,现场试验,障碍物检测后不能可靠反开门
PHEN_DOOR_006,层门晃动,现场检查,层门门扇下端摆动或脱槽趋势明显
PHEN_DOOR_007,电梯无法启动,运行试验,控制系统因门锁或安全条件不满足无法启动
PHEN_SAFETY_001,限速器动作异常,限速器校验,限速器动作速度或动作可靠性异常
PHEN_SAFETY_002,安全钳制停距离异常,安全钳试验,安全钳动作后制停距离或痕迹异常
PHEN_SAFETY_003,超速保护不可靠,联动试验,超速条件下保护动作不可靠
PHEN_SAFETY_004,终端越程保护异常,终端试验,端站限位或极限保护动作异常
PHEN_SAFETY_005,门区非预期移动保护异常,UCMP试验,门区非预期移动保护不能可靠动作
PHEN_CONTROL_001,运行中异常停梯,故障记录和现场观察,运行过程中非计划停梯
PHEN_CONTROL_002,平层误差增大,平层测量,轿厢停靠位置偏差增大
PHEN_CONTROL_003,速度波动,运行测试,加减速或匀速阶段速度不稳定
PHEN_CONTROL_004,故障码频发,控制柜记录,同类故障代码重复出现
PHEN_CONTROL_005,报警通信失败,通话测试,紧急报警或五方通话不可用
PHEN_TRACTION_001,轿厢抖动振动,乘坐体验和仪器检测,轿厢运行振动明显
PHEN_TRACTION_002,曳引打滑,运行试验,轿厢与曳引系统出现打滑迹象
PHEN_TRACTION_003,运行噪声异常,现场观察,曳引机或轮系噪声明显异常
PHEN_TRACTION_004,平衡异常,称量和运行试验,轿厢对重平衡状态异常
PHEN_TRACTION_005,轿厢导向不良,现场检查,轿厢运行中晃动或摩擦
PHEN_BUFFER_001,缓冲器不能复位,现场检查,缓冲器动作后未回到正常位置
PHEN_BUFFER_002,底坑部件锈蚀,现场检查,缓冲器底座或底坑部件腐蚀
PHEN_BUFFER_003,终端冲击增大,运行和检查,终端越程时冲击吸收能力不足
PHEN_BUFFER_004,底坑安全条件不良,现场检查,底坑积水异物影响安全操作
