risk_id,risk_name,risk_level,severity,description
RISK_BRAKE_001,轿厢非正常移动,高风险,5,轿厢在非预期条件下移动
RISK_BRAKE_002,冲顶风险,高风险,5,轿厢向上越程造成冲顶
RISK_BRAKE_003,蹲底风险,高风险,5,轿厢向下越程造成蹲底
RISK_BRAKE_004,溜车风险,高风险,5,轿厢停车后发生滑移
RISK_DOOR_001,门区剪切风险,高风险,5,人员在门区可能受到剪切挤压伤害
RISK_DOOR_002,夹人风险,中高风险,4,门系统不能检测或释放障碍物造成夹人
RISK_DOOR_003,坠落井道风险,高风险,5,层门未可靠锁紧或脱槽导致人员坠入井道
RISK_DOOR_004,困人风险,中风险,3,门系统故障导致乘客被困
RISK_SAFETY_001,轿厢超速失控风险,高风险,5,超速保护不能及时控制轿厢
RISK_SAFETY_002,坠落风险,高风险,5,安全钳或限速器失效导致坠落风险
RISK_SAFETY_003,终端越程风险,高风险,5,终端保护失效导致越程冲击
RISK_SAFETY_004,非预期移动保护失效风险,高风险,5,门区非预期移动时保护不可靠
RISK_CONTROL_001,运行中异常停梯困人风险,中风险,3,运行中异常停梯造成困人
RISK_CONTROL_002,平层跌倒风险,中风险,3,平层误差导致乘客绊倒跌倒
RISK_CONTROL_003,失控运行风险,高风险,5,控制或驱动异常造成速度位置失控
RISK_CONTROL_004,救援通信失效风险,中高风险,4,困人时无法及时报警通信
RISK_TRACTION_001,曳引失效风险,高风险,5,曳引能力不足导致打滑或失控
RISK_TRACTION_002,钢丝绳失效风险,高风险,5,钢丝绳严重磨损断丝导致承载能力不足
RISK_TRACTION_003,运行稳定性风险,中风险,3,导向或轮系异常导致振动冲击
RISK_BUFFER_001,终端缓冲失效风险,高风险,5,终端越程时缓冲能力不足
RISK_BUFFER_002,底坑检修伤害风险,中高风险,4,底坑环境或安全条件不良造成检修伤害
