clause_id,standard_code,clause_no,title,content_summary,verified
CLAUSE_STD_001,GB/T 7588.1-2020,待核验-制动器,制动器和制停能力要求,乘客电梯和载货电梯应设置能可靠制停并保持停止状态的制动装置,false
CLAUSE_STD_002,GB/T 7588.1-2020,待核验-门锁,层门和轿门锁紧保护要求,层门和轿门应具备可靠锁紧及电气安全保护,false
CLAUSE_STD_003,GB/T 7588.1-2020,待核验-安全回路,电气安全装置和安全回路要求,安全触点和电气安全装置应保证危险状态下停止或防止运行,false
CLAUSE_STD_004,GB/T 7588.1-2020,待核验-限速器安全钳,限速器和安全钳保护要求,超速时限速器和安全钳应可靠联动,false
CLAUSE_STD_005,GB/T 7588.1-2020,待核验-缓冲器,缓冲器和终端保护要求,井道端部应设置满足要求的缓冲和终端保护,false
CLAUSE_STD_006,GB/T 7588.1-2020,待核验-非预期移动,轿厢非预期移动保护要求,电梯应具备防止门区轿厢非预期移动的保护措施,false
CLAUSE_STD_007,GB/T 7588.2-2020,待核验-部件检验,电梯部件设计计算和检验原则,安全部件应按照设计计算和检验原则进行验证,false
CLAUSE_STD_008,GB/T 42615-2023,待核验-制动系统评估,在用电梯制动系统安全评估项目,安全评估应关注制动器状态制停能力和相关风险,false
CLAUSE_STD_009,GB/T 42615-2023,待核验-门系统评估,在用电梯门系统安全评估项目,安全评估应关注门锁门机门保护和门区风险,false
CLAUSE_STD_010,GB/T 42615-2023,待核验-安全保护评估,在用电梯安全保护系统评估项目,安全评估应关注限速器安全钳终端保护和非预期移动保护,false
CLAUSE_STD_011,GB/T 42615-2023,待核验-电气控制评估,在用电梯电气控制系统评估项目,安全评估应关注安全回路控制柜驱动和报警装置,false
CLAUSE_STD_012,GB/T 42615-2023,待核验-曳引系统评估,在用电梯曳引系统安全评估项目,安全评估应关注曳引轮钢丝绳曳引能力和运行稳定性,false
CLAUSE_STD_013,GB/T 42615-2023,待核验-缓冲器评估,在用电梯缓冲器和底坑安全评估项目,安全评估应关注缓冲器复位油位底坑环境,false
CLAUSE_STD_014,TSG T7001-2023,待核验-制动试验,监督检验和定期检验制动相关项目,检验应确认制动器动作和制停能力满足安全要求,false
CLAUSE_STD_015,TSG T7001-2023,待核验-门锁检查,监督检验和定期检验门锁相关项目,检验应确认层门轿门门锁和电气联锁可靠,false
CLAUSE_STD_016,TSG T7001-2023,待核验-限速器安全钳试验,监督检验和定期检验限速器安全钳项目,检验应确认限速器和安全钳联动及动作可靠,false
CLAUSE_STD_017,TSG T7001-2023,待核验-安全回路检查,监督检验和定期检验电气安全回路项目,检验应确认安全回路触点和保护逻辑可靠,false
CLAUSE_STD_018,TSG T7001-2023,待核验-缓冲器检查,监督检验和定期检验缓冲器项目,检验应确认缓冲器固定复位油位和电气开关正常,false
CLAUSE_STD_019,TSG T7008-2023,待核验-自行检测,电梯自行检测规则相关项目,使用单位应按规则开展自行检测并记录异常,false
CLAUSE_STD_020,GB 45067-2024,待核验-重大隐患,特种设备重大事故隐患判定相关要求,涉及安全保护失效短接失效等情形应按重大隐患要求处置,false
CLAUSE_STD_021,GB/T 24804-2023,待核验-在用电梯改进,提高在用电梯安全性的规范,对在用电梯存在风险时可提出安全改进措施,false
CLAUSE_STD_022,GB/T 10060-2023,待核验-安装验收,电梯安装验收规范相关要求,安装验收应覆盖门系统制动系统安全装置和运行性能,false
