from_id,relation_type,to_id,confidence,description,source,verified
SYS_BRAKE,HAS_COMPONENT,COMP_BRAKE_001,1.0,制动系统包含制动器,EVI_STD_001,true
SYS_BRAKE,HAS_COMPONENT,COMP_BRAKE_002,1.0,制动系统包含制动轮,EVI_EXP_001,true
SYS_BRAKE,HAS_COMPONENT,COMP_BRAKE_003,1.0,制动系统包含制动衬垫,EVI_EXP_001,true
SYS_BRAKE,HAS_COMPONENT,COMP_BRAKE_004,1.0,制动系统包含制动弹簧,EVI_EXP_001,true
SYS_BRAKE,HAS_COMPONENT,COMP_BRAKE_005,1.0,制动系统包含制动臂销轴,EVI_EXP_001,true
SYS_BRAKE,HAS_COMPONENT,COMP_BRAKE_006,1.0,制动系统包含制动线圈,EVI_EXP_001,true
SYS_BRAKE,HAS_COMPONENT,COMP_BRAKE_007,1.0,制动系统包含制动器监测开关,EVI_EXP_001,true
SYS_BRAKE,HAS_COMPONENT,COMP_BRAKE_008,1.0,制动系统包含制动接触器,EVI_EXP_001,true
SYS_BRAKE,HAS_COMPONENT,COMP_BRAKE_009,1.0,制动系统包含手动松闸装置,EVI_EXP_001,true
SYS_DOOR,HAS_COMPONENT,COMP_DOOR_001,1.0,门系统包含层门锁装置,EVI_STD_001,true
SYS_DOOR,HAS_COMPONENT,COMP_DOOR_002,1.0,门系统包含轿门锁装置,EVI_STD_001,true
SYS_DOOR,HAS_COMPONENT,COMP_DOOR_003,1.0,门系统包含门机,EVI_EXP_002,true
SYS_DOOR,HAS_COMPONENT,COMP_DOOR_004,1.0,门系统包含门机控制器,EVI_EXP_002,true
SYS_DOOR,HAS_COMPONENT,COMP_DOOR_005,1.0,门系统包含门滑块,EVI_EXP_002,true
SYS_DOOR,HAS_COMPONENT,COMP_DOOR_006,1.0,门系统包含门导轨挂轮,EVI_EXP_002,true
SYS_DOOR,HAS_COMPONENT,COMP_DOOR_007,1.0,门系统包含光幕,EVI_EXP_002,true
SYS_DOOR,HAS_COMPONENT,COMP_DOOR_008,1.0,门系统包含安全触板,EVI_EXP_002,true
SYS_DOOR,HAS_COMPONENT,COMP_DOOR_009,1.0,门系统包含门刀门球,EVI_EXP_002,true
SYS_DOOR,HAS_COMPONENT,COMP_DOOR_010,1.0,门系统包含层门自闭装置,EVI_EXP_002,true
SYS_DOOR,HAS_COMPONENT,COMP_DOOR_011,1.0,门系统包含门锁回路,EVI_STD_001,true
SYS_SAFETY,HAS_COMPONENT,COMP_SAFETY_001,1.0,安全保护系统包含限速器,EVI_STD_001,true
SYS_SAFETY,HAS_COMPONENT,COMP_SAFETY_002,1.0,安全保护系统包含安全钳,EVI_STD_001,true
SYS_SAFETY,HAS_COMPONENT,COMP_SAFETY_003,1.0,安全保护系统包含限速器钢丝绳,EVI_EXP_003,true
SYS_SAFETY,HAS_COMPONENT,COMP_SAFETY_004,1.0,安全保护系统包含限速器张紧装置,EVI_EXP_003,true
SYS_SAFETY,HAS_COMPONENT,COMP_SAFETY_005,1.0,安全保护系统包含上行超速保护装置,EVI_STD_001,true
SYS_SAFETY,HAS_COMPONENT,COMP_SAFETY_006,1.0,安全保护系统包含非预期移动保护装置,EVI_STD_001,true
SYS_SAFETY,HAS_COMPONENT,COMP_SAFETY_007,1.0,安全保护系统包含终端限位开关,EVI_STD_001,true
SYS_SAFETY,HAS_COMPONENT,COMP_SAFETY_008,1.0,安全保护系统包含极限开关,EVI_STD_001,true
SYS_CONTROL,HAS_COMPONENT,COMP_CONTROL_001,1.0,电气控制系统包含安全回路,EVI_STD_001,true
SYS_CONTROL,HAS_COMPONENT,COMP_CONTROL_002,1.0,电气控制系统包含主接触器,EVI_EXP_004,true
SYS_CONTROL,HAS_COMPONENT,COMP_CONTROL_003,1.0,电气控制系统包含接触器触点,EVI_EXP_004,true
SYS_CONTROL,HAS_COMPONENT,COMP_CONTROL_004,1.0,电气控制系统包含控制柜,EVI_EXP_004,true
SYS_CONTROL,HAS_COMPONENT,COMP_CONTROL_005,1.0,电气控制系统包含变频器,EVI_EXP_004,true
SYS_CONTROL,HAS_COMPONENT,COMP_CONTROL_006,1.0,电气控制系统包含编码器,EVI_EXP_004,true
SYS_CONTROL,HAS_COMPONENT,COMP_CONTROL_007,1.0,电气控制系统包含平层感应器,EVI_EXP_004,true
SYS_CONTROL,HAS_COMPONENT,COMP_CONTROL_008,1.0,电气控制系统包含轿厢位置检测装置,EVI_EXP_004,true
SYS_CONTROL,HAS_COMPONENT,COMP_CONTROL_009,1.0,电气控制系统包含紧急报警装置,EVI_STD_001,true
SYS_CONTROL,HAS_COMPONENT,COMP_CONTROL_010,1.0,电气控制系统包含应急照明装置,EVI_STD_001,true
SYS_TRACTION,HAS_COMPONENT,COMP_TRACTION_001,1.0,曳引系统包含曳引机,EVI_STD_001,true
SYS_TRACTION,HAS_COMPONENT,COMP_TRACTION_002,1.0,曳引系统包含曳引轮,EVI_STD_001,true
SYS_TRACTION,HAS_COMPONENT,COMP_TRACTION_003,1.0,曳引系统包含曳引钢丝绳,EVI_STD_001,true
SYS_TRACTION,HAS_COMPONENT,COMP_TRACTION_004,1.0,曳引系统包含导向轮,EVI_EXP_005,true
SYS_TRACTION,HAS_COMPONENT,COMP_TRACTION_005,1.0,曳引系统包含反绳轮,EVI_EXP_005,true
SYS_TRACTION,HAS_COMPONENT,COMP_TRACTION_006,1.0,曳引系统包含对重装置,EVI_EXP_005,true
SYS_TRACTION,HAS_COMPONENT,COMP_TRACTION_007,1.0,曳引系统包含导轨,EVI_STD_001,true
SYS_TRACTION,HAS_COMPONENT,COMP_TRACTION_008,1.0,曳引系统包含导靴,EVI_EXP_005,true
SYS_BUFFER,HAS_COMPONENT,COMP_BUFFER_001,1.0,缓冲器与底坑系统包含缓冲器,EVI_STD_001,true
SYS_BUFFER,HAS_COMPONENT,COMP_BUFFER_002,1.0,缓冲器与底坑系统包含缓冲器复位开关,EVI_EXP_006,true
SYS_BUFFER,HAS_COMPONENT,COMP_BUFFER_003,1.0,缓冲器与底坑系统包含油压缓冲器油位装置,EVI_EXP_006,true
SYS_BUFFER,HAS_COMPONENT,COMP_BUFFER_004,1.0,缓冲器与底坑系统包含缓冲器底座,EVI_EXP_006,true
SYS_BUFFER,HAS_COMPONENT,COMP_BUFFER_005,1.0,缓冲器与底坑系统包含底坑环境,EVI_EXP_006,true
COMP_BRAKE_003,HAS_STATE,STATE_BRAKE_001,0.9,制动衬垫可能出现磨损,EVI_EXP_001,true
COMP_BRAKE_001,HAS_STATE,STATE_BRAKE_002,0.9,制动器可能出现制动力下降,EVI_EXP_001,true
COMP_BRAKE_001,HAS_STATE,STATE_BRAKE_003,0.9,制动器异常可造成制停距离增大,EVI_CASE_001,true
COMP_BRAKE_001,HAS_STATE,STATE_BRAKE_004,0.85,制动器可能出现释放延迟,EVI_EXP_001,true
COMP_BRAKE_001,HAS_STATE,STATE_BRAKE_005,0.85,制动器可能出现闭合延迟,EVI_EXP_001,true
COMP_BRAKE_001,HAS_STATE,STATE_BRAKE_006,0.9,制动器可能出现间隙超标,EVI_EXP_001,true
COMP_BRAKE_002,HAS_STATE,STATE_BRAKE_007,0.8,制动轮可能存在油污,EVI_EXP_001,true
COMP_BRAKE_004,HAS_STATE,STATE_BRAKE_008,0.8,制动弹簧可能疲劳,EVI_EXP_001,true
COMP_BRAKE_005,HAS_STATE,STATE_BRAKE_009,0.8,制动臂销轴可能卡滞,EVI_EXP_001,true
COMP_BRAKE_006,HAS_STATE,STATE_BRAKE_010,0.75,制动线圈可能过热,EVI_EXP_001,true
COMP_BRAKE_007,HAS_STATE,STATE_BRAKE_011,0.8,制动器监测开关可能失效,EVI_EXP_001,true
COMP_BRAKE_008,HAS_STATE,STATE_BRAKE_012,0.85,制动接触器可能触点粘连,EVI_EXP_001,true
COMP_BRAKE_009,HAS_STATE,STATE_BRAKE_013,0.75,手动松闸装置可能复位异常,EVI_EXP_001,true
COMP_DOOR_001,HAS_STATE,STATE_DOOR_001,0.9,层门锁可能接触不良,EVI_CASE_002,true
COMP_DOOR_001,HAS_STATE,STATE_DOOR_002,0.9,层门锁可能啮合深度不足,EVI_EXP_002,true
COMP_DOOR_011,HAS_STATE,STATE_DOOR_003,0.8,门锁回路可能存在短接,EVI_STD_005,false
COMP_DOOR_011,HAS_STATE,STATE_DOOR_004,0.9,门锁回路可能信号不一致,EVI_CASE_002,true
COMP_DOOR_010,HAS_STATE,STATE_DOOR_005,0.85,层门可能关闭不到位,EVI_EXP_002,true
COMP_DOOR_002,HAS_STATE,STATE_DOOR_006,0.85,轿门可能关闭不到位,EVI_EXP_002,true
COMP_DOOR_003,HAS_STATE,STATE_DOOR_007,0.8,门机可能力矩异常,EVI_EXP_002,true
COMP_DOOR_004,HAS_STATE,STATE_DOOR_008,0.8,门机控制参数可能漂移,EVI_EXP_002,true
COMP_DOOR_005,HAS_STATE,STATE_DOOR_009,0.85,门滑块可能磨损脱落,EVI_CASE_008,true
COMP_DOOR_006,HAS_STATE,STATE_DOOR_010,0.75,门导轨可能积尘变形,EVI_EXP_002,true
COMP_DOOR_007,HAS_STATE,STATE_DOOR_011,0.85,光幕可能失效,EVI_EXP_002,true
COMP_DOOR_008,HAS_STATE,STATE_DOOR_012,0.8,安全触板可能动作失效,EVI_EXP_002,true
COMP_DOOR_009,HAS_STATE,STATE_DOOR_013,0.75,门刀门球可能错位,EVI_EXP_002,true
COMP_DOOR_010,HAS_STATE,STATE_DOOR_014,0.85,层门自闭力可能不足,EVI_EXP_002,true
COMP_DOOR_003,HAS_STATE,STATE_DOOR_015,0.75,门系统可能出现反复开关门趋势,EVI_EXP_002,true
COMP_SAFETY_001,HAS_STATE,STATE_SAFETY_001,0.9,限速器可能动作速度偏差,EVI_STD_004,true
COMP_SAFETY_001,HAS_STATE,STATE_SAFETY_002,0.85,限速器可能机械卡滞,EVI_CASE_004,false
COMP_SAFETY_002,HAS_STATE,STATE_SAFETY_003,0.85,安全钳楔块可能磨损,EVI_EXP_003,true
COMP_SAFETY_002,HAS_STATE,STATE_SAFETY_004,0.85,安全钳联动可能不畅,EVI_CASE_004,false
COMP_SAFETY_003,HAS_STATE,STATE_SAFETY_005,0.8,限速器钢丝绳可能松弛,EVI_EXP_003,true
COMP_SAFETY_004,HAS_STATE,STATE_SAFETY_006,0.8,张紧装置可能失效,EVI_EXP_003,true
COMP_SAFETY_005,HAS_STATE,STATE_SAFETY_007,0.85,上行超速保护可能失效,EVI_STD_001,false
COMP_SAFETY_006,HAS_STATE,STATE_SAFETY_008,0.9,非预期移动保护可能失效,EVI_STD_001,false
COMP_SAFETY_007,HAS_STATE,STATE_SAFETY_009,0.85,终端限位可能失效,EVI_STD_001,false
COMP_SAFETY_008,HAS_STATE,STATE_SAFETY_010,0.85,极限开关可能失效,EVI_STD_001,false
COMP_CONTROL_001,HAS_STATE,STATE_CONTROL_001,0.85,安全回路可能接触不良,EVI_CASE_005,false
COMP_CONTROL_001,HAS_STATE,STATE_CONTROL_002,0.8,安全回路可能短接,EVI_STD_005,false
COMP_CONTROL_002,HAS_STATE,STATE_CONTROL_003,0.85,主接触器可能触点粘连,EVI_EXP_004,true
COMP_CONTROL_003,HAS_STATE,STATE_CONTROL_004,0.85,接触器触点可能烧蚀,EVI_CASE_002,true
COMP_CONTROL_004,HAS_STATE,STATE_CONTROL_005,0.75,控制柜可能出现重复故障码,EVI_EXP_004,true
COMP_CONTROL_005,HAS_STATE,STATE_CONTROL_006,0.8,变频器可能输出异常,EVI_EXP_004,true
COMP_CONTROL_006,HAS_STATE,STATE_CONTROL_007,0.85,编码器可能信号丢失,EVI_CASE_006,false
COMP_CONTROL_006,HAS_STATE,STATE_CONTROL_008,0.8,编码器可能信号漂移,EVI_CASE_006,false
COMP_CONTROL_007,HAS_STATE,STATE_CONTROL_009,0.8,平层感应器可能偏移,EVI_EXP_004,true
COMP_CONTROL_008,HAS_STATE,STATE_CONTROL_010,0.8,轿厢位置检测可能异常,EVI_EXP_004,true
COMP_CONTROL_009,HAS_STATE,STATE_CONTROL_011,0.8,紧急报警装置可能失效,EVI_EXP_004,true
COMP_CONTROL_010,HAS_STATE,STATE_CONTROL_012,0.8,应急照明可能失效,EVI_EXP_004,true
COMP_TRACTION_002,HAS_STATE,STATE_TRACTION_001,0.85,曳引轮可能磨损,EVI_CASE_007,true
COMP_TRACTION_002,HAS_STATE,STATE_TRACTION_002,0.85,曳引轮状态可导致曳引能力下降,EVI_EXP_005,true
COMP_TRACTION_003,HAS_STATE,STATE_TRACTION_003,0.9,曳引钢丝绳可能磨损断丝,EVI_STD_004,true
COMP_TRACTION_003,HAS_STATE,STATE_TRACTION_004,0.85,曳引钢丝绳可能张力不均,EVI_EXP_005,true
COMP_TRACTION_001,HAS_STATE,STATE_TRACTION_005,0.8,曳引机可能异响振动,EVI_EXP_005,true
COMP_TRACTION_001,HAS_STATE,STATE_TRACTION_006,0.75,曳引机可能力矩异常,EVI_EXP_005,true
COMP_TRACTION_004,HAS_STATE,STATE_TRACTION_007,0.75,导向轮可能磨损,EVI_EXP_005,true
COMP_TRACTION_005,HAS_STATE,STATE_TRACTION_008,0.75,反绳轮轴承可能异常,EVI_EXP_005,true
COMP_TRACTION_006,HAS_STATE,STATE_TRACTION_009,0.75,对重块可能松动,EVI_EXP_005,true
COMP_TRACTION_007,HAS_STATE,STATE_TRACTION_010,0.8,导轨可能变形污染,EVI_EXP_005,true
COMP_TRACTION_008,HAS_STATE,STATE_TRACTION_011,0.75,导靴可能磨损,EVI_EXP_005,true
COMP_BUFFER_001,HAS_STATE,STATE_BUFFER_001,0.85,缓冲器可能复位异常,EVI_CASE_003,true
COMP_BUFFER_001,HAS_STATE,STATE_BUFFER_002,0.85,缓冲器可能缓冲能力下降,EVI_CASE_003,true
COMP_BUFFER_002,HAS_STATE,STATE_BUFFER_003,0.8,缓冲器开关可能失效,EVI_EXP_006,true
COMP_BUFFER_003,HAS_STATE,STATE_BUFFER_004,0.8,油压缓冲器可能油位不足,EVI_EXP_006,true
COMP_BUFFER_004,HAS_STATE,STATE_BUFFER_005,0.75,缓冲器底座可能松动腐蚀,EVI_EXP_006,true
COMP_BUFFER_005,HAS_STATE,STATE_BUFFER_006,0.75,底坑可能积水异物,EVI_EXP_006,true
STATE_BRAKE_001,EVOLVES_TO,STATE_BRAKE_006,0.85,磨损可能导致制动间隙超标,EVI_EXP_001,true
STATE_BRAKE_006,EVOLVES_TO,STATE_BRAKE_002,0.85,间隙超标导致制动力下降,EVI_EXP_001,true
STATE_BRAKE_007,EVOLVES_TO,STATE_BRAKE_002,0.85,摩擦面油污导致制动力下降,EVI_EXP_001,true
STATE_BRAKE_008,EVOLVES_TO,STATE_BRAKE_002,0.85,弹簧疲劳导致制动力下降,EVI_EXP_001,true
STATE_BRAKE_009,EVOLVES_TO,STATE_BRAKE_005,0.8,制动臂卡滞导致闭合延迟,EVI_EXP_001,true
STATE_BRAKE_004,EVOLVES_TO,STATE_BRAKE_003,0.75,释放延迟可能造成运行制停异常,EVI_EXP_001,true
STATE_BRAKE_005,EVOLVES_TO,STATE_BRAKE_003,0.9,闭合延迟导致制停距离增大,EVI_CASE_001,true
STATE_BRAKE_012,EVOLVES_TO,STATE_BRAKE_005,0.85,制动接触器粘连可能导致闭合延迟,EVI_EXP_001,true
STATE_BRAKE_011,EVOLVES_TO,STATE_BRAKE_005,0.7,监测失效可能掩盖闭合异常,EVI_EXP_001,true
STATE_DOOR_001,EVOLVES_TO,STATE_DOOR_004,0.85,接触不良导致门锁信号不一致,EVI_CASE_002,true
STATE_DOOR_002,EVOLVES_TO,STATE_DOOR_005,0.8,啮合不足导致层门关闭锁紧不可靠,EVI_EXP_002,true
STATE_DOOR_003,EVOLVES_TO,STATE_DOOR_004,0.8,短接导致门锁信号与实际状态不一致,EVI_STD_005,false
STATE_DOOR_007,EVOLVES_TO,STATE_DOOR_015,0.75,门机力矩异常导致反复开关门,EVI_EXP_002,true
STATE_DOOR_008,EVOLVES_TO,STATE_DOOR_015,0.75,门机参数漂移导致反复开关门,EVI_EXP_002,true
STATE_DOOR_009,EVOLVES_TO,STATE_DOOR_005,0.85,门滑块磨损脱落导致层门关闭和导向不可靠,EVI_CASE_008,true
STATE_DOOR_010,EVOLVES_TO,STATE_DOOR_005,0.75,门导轨异常导致层门关闭不到位,EVI_EXP_002,true
STATE_DOOR_013,EVOLVES_TO,STATE_DOOR_005,0.75,门刀门球错位导致层门联动异常,EVI_EXP_002,true
STATE_DOOR_014,EVOLVES_TO,STATE_DOOR_005,0.85,自闭力不足导致层门关闭不到位,EVI_EXP_002,true
STATE_SAFETY_005,EVOLVES_TO,STATE_SAFETY_001,0.75,限速绳松弛可能影响限速器动作速度,EVI_EXP_003,true
STATE_SAFETY_006,EVOLVES_TO,STATE_SAFETY_005,0.8,张紧装置失效导致限速绳松弛,EVI_EXP_003,true
STATE_SAFETY_001,EVOLVES_TO,STATE_SAFETY_004,0.75,限速器动作异常可能影响安全钳联动,EVI_EXP_003,true
STATE_SAFETY_002,EVOLVES_TO,STATE_SAFETY_004,0.85,限速器卡滞导致安全钳联动不畅,EVI_CASE_004,false
STATE_SAFETY_003,EVOLVES_TO,STATE_SAFETY_004,0.75,安全钳楔块磨损降低夹轨可靠性,EVI_EXP_003,true
STATE_CONTROL_001,EVOLVES_TO,STATE_CONTROL_005,0.75,安全回路接触不良导致故障码频发,EVI_CASE_005,false
STATE_CONTROL_004,EVOLVES_TO,STATE_CONTROL_001,0.75,触点烧蚀导致安全回路接触不良,EVI_EXP_004,true
STATE_CONTROL_007,EVOLVES_TO,STATE_CONTROL_010,0.85,编码器信号丢失导致位置检测异常,EVI_CASE_006,false
STATE_CONTROL_008,EVOLVES_TO,STATE_CONTROL_009,0.75,编码器漂移导致平层检测偏差,EVI_CASE_006,false
STATE_CONTROL_009,EVOLVES_TO,STATE_CONTROL_010,0.7,平层感应器偏移导致轿厢位置判断异常,EVI_EXP_004,true
STATE_TRACTION_001,EVOLVES_TO,STATE_TRACTION_002,0.85,曳引轮磨损导致曳引能力下降,EVI_EXP_005,true
STATE_TRACTION_003,EVOLVES_TO,STATE_TRACTION_002,0.75,钢丝绳磨损可能降低曳引能力,EVI_CASE_007,true
STATE_TRACTION_004,EVOLVES_TO,STATE_TRACTION_002,0.75,钢丝绳张力不均导致曳引能力下降,EVI_EXP_005,true
STATE_TRACTION_007,EVOLVES_TO,STATE_TRACTION_005,0.7,导向轮磨损导致运行异响振动,EVI_EXP_005,true
STATE_TRACTION_008,EVOLVES_TO,STATE_TRACTION_005,0.7,反绳轮轴承异常导致运行异响振动,EVI_EXP_005,true
STATE_TRACTION_010,EVOLVES_TO,STATE_TRACTION_011,0.75,导轨污染变形加剧导靴磨损,EVI_EXP_005,true
STATE_BUFFER_004,EVOLVES_TO,STATE_BUFFER_002,0.85,油位不足导致缓冲能力下降,EVI_EXP_006,true
STATE_BUFFER_001,EVOLVES_TO,STATE_BUFFER_002,0.85,复位异常影响缓冲功能,EVI_CASE_003,true
STATE_BUFFER_003,EVOLVES_TO,STATE_BUFFER_001,0.7,缓冲器开关失效可能掩盖复位异常,EVI_EXP_006,true
STATE_BUFFER_005,EVOLVES_TO,STATE_BUFFER_002,0.75,底座松动腐蚀影响缓冲能力,EVI_EXP_006,true
STATE_BRAKE_002,MANIFESTS_AS,PHEN_BRAKE_001,0.9,制动力下降表现为制停距离延长,EVI_EXP_001,true
STATE_BRAKE_003,MANIFESTS_AS,PHEN_BRAKE_001,0.9,制停距离增大可直接表现为制停距离延长,EVI_CASE_001,true
STATE_BRAKE_003,MANIFESTS_AS,PHEN_BRAKE_002,0.85,制停距离异常可能表现为停梯滑移,EVI_CASE_001,true
STATE_BRAKE_004,MANIFESTS_AS,PHEN_BRAKE_003,0.75,释放延迟可能表现为启动困难,EVI_EXP_001,true
STATE_BRAKE_009,MANIFESTS_AS,PHEN_BRAKE_004,0.75,制动臂卡滞可能出现异响发热,EVI_EXP_001,true
STATE_BRAKE_010,MANIFESTS_AS,PHEN_BRAKE_004,0.75,线圈过热表现为制动器温升异常,EVI_EXP_001,true
STATE_BRAKE_011,MANIFESTS_AS,PHEN_BRAKE_005,0.85,监测开关失效表现为抱闸反馈异常,EVI_EXP_001,true
STATE_DOOR_015,MANIFESTS_AS,PHEN_DOOR_001,0.9,反复开关门趋势表现为反复开关门,EVI_EXP_002,true
STATE_DOOR_005,MANIFESTS_AS,PHEN_DOOR_002,0.9,层门关闭不到位表现为门关闭不到位,EVI_EXP_002,true
STATE_DOOR_006,MANIFESTS_AS,PHEN_DOOR_002,0.9,轿门关闭不到位表现为门关闭不到位,EVI_EXP_002,true
STATE_DOOR_004,MANIFESTS_AS,PHEN_DOOR_003,0.85,门锁信号不一致表现为门锁回路断续,EVI_CASE_002,true
STATE_DOOR_003,MANIFESTS_AS,PHEN_DOOR_004,0.8,门锁回路短接可能形成开门运行倾向,EVI_STD_005,false
STATE_DOOR_011,MANIFESTS_AS,PHEN_DOOR_005,0.85,光幕失效表现为夹人反开失效,EVI_EXP_002,true
STATE_DOOR_012,MANIFESTS_AS,PHEN_DOOR_005,0.8,安全触板失效表现为夹人反开失效,EVI_EXP_002,true
STATE_DOOR_009,MANIFESTS_AS,PHEN_DOOR_006,0.85,门滑块磨损脱落表现为层门晃动,EVI_CASE_008,true
STATE_DOOR_004,MANIFESTS_AS,PHEN_DOOR_007,0.75,门锁信号不一致可能导致无法启动,EVI_CASE_002,true
STATE_SAFETY_001,MANIFESTS_AS,PHEN_SAFETY_001,0.9,限速器动作速度偏差表现为动作异常,EVI_STD_004,true
STATE_SAFETY_002,MANIFESTS_AS,PHEN_SAFETY_001,0.85,限速器卡滞表现为动作异常,EVI_CASE_004,false
STATE_SAFETY_004,MANIFESTS_AS,PHEN_SAFETY_002,0.85,安全钳联动不畅导致制停距离异常,EVI_CASE_004,false
STATE_SAFETY_007,MANIFESTS_AS,PHEN_SAFETY_003,0.85,上行超速保护失效表现为超速保护不可靠,EVI_STD_001,false
STATE_SAFETY_008,MANIFESTS_AS,PHEN_SAFETY_005,0.9,非预期移动保护失效表现为UCMP试验异常,EVI_STD_001,false
STATE_SAFETY_009,MANIFESTS_AS,PHEN_SAFETY_004,0.85,终端限位失效表现为终端保护异常,EVI_STD_001,false
STATE_SAFETY_010,MANIFESTS_AS,PHEN_SAFETY_004,0.85,极限开关失效表现为终端保护异常,EVI_STD_001,false
STATE_CONTROL_001,MANIFESTS_AS,PHEN_CONTROL_001,0.8,安全回路接触不良表现为运行中异常停梯,EVI_CASE_005,false
STATE_CONTROL_005,MANIFESTS_AS,PHEN_CONTROL_004,0.85,控制柜故障记录异常表现为故障码频发,EVI_EXP_004,true
STATE_CONTROL_006,MANIFESTS_AS,PHEN_CONTROL_003,0.8,变频器输出异常表现为速度波动,EVI_EXP_004,true
STATE_CONTROL_007,MANIFESTS_AS,PHEN_CONTROL_003,0.75,编码器信号丢失表现为速度波动,EVI_CASE_006,false
STATE_CONTROL_008,MANIFESTS_AS,PHEN_CONTROL_002,0.85,编码器漂移表现为平层误差增大,EVI_CASE_006,false
STATE_CONTROL_009,MANIFESTS_AS,PHEN_CONTROL_002,0.9,平层感应器偏移表现为平层误差增大,EVI_EXP_004,true
STATE_CONTROL_011,MANIFESTS_AS,PHEN_CONTROL_005,0.9,紧急报警失效表现为报警通信失败,EVI_EXP_004,true
STATE_TRACTION_002,MANIFESTS_AS,PHEN_TRACTION_002,0.9,曳引能力下降表现为曳引打滑,EVI_EXP_005,true
STATE_TRACTION_003,MANIFESTS_AS,PHEN_TRACTION_001,0.75,钢丝绳磨损断丝可能导致轿厢振动,EVI_CASE_007,true
STATE_TRACTION_005,MANIFESTS_AS,PHEN_TRACTION_003,0.9,曳引机异响振动表现为运行噪声异常,EVI_EXP_005,true
STATE_TRACTION_009,MANIFESTS_AS,PHEN_TRACTION_004,0.75,对重块松动表现为平衡异常,EVI_EXP_005,true
STATE_TRACTION_010,MANIFESTS_AS,PHEN_TRACTION_005,0.75,导轨变形污染表现为导向不良,EVI_EXP_005,true
STATE_TRACTION_011,MANIFESTS_AS,PHEN_TRACTION_005,0.8,导靴磨损表现为导向不良,EVI_EXP_005,true
STATE_BUFFER_001,MANIFESTS_AS,PHEN_BUFFER_001,0.9,缓冲器复位异常表现为不能复位,EVI_CASE_003,true
STATE_BUFFER_002,MANIFESTS_AS,PHEN_BUFFER_003,0.85,缓冲能力下降表现为终端冲击增大,EVI_CASE_003,true
STATE_BUFFER_005,MANIFESTS_AS,PHEN_BUFFER_002,0.75,缓冲器底座松动腐蚀表现为底坑部件锈蚀,EVI_EXP_006,true
STATE_BUFFER_006,MANIFESTS_AS,PHEN_BUFFER_004,0.85,底坑积水异物表现为底坑安全条件不良,EVI_EXP_006,true
PHEN_BRAKE_001,LEADS_TO,RISK_BRAKE_001,0.85,制停距离延长可能导致轿厢非正常移动,EVI_CASE_001,true
PHEN_BRAKE_002,LEADS_TO,RISK_BRAKE_004,0.9,停梯滑移导致溜车风险,EVI_CASE_001,true
PHEN_BRAKE_002,LEADS_TO,RISK_BRAKE_001,0.85,停梯滑移可能形成非正常移动,EVI_CASE_001,true
PHEN_BRAKE_002,LEADS_TO,RISK_BRAKE_002,0.75,上行滑移可能导致冲顶风险,EVI_EXP_001,true
PHEN_BRAKE_002,LEADS_TO,RISK_BRAKE_003,0.75,下行滑移可能导致蹲底风险,EVI_EXP_001,true
PHEN_DOOR_004,LEADS_TO,RISK_DOOR_001,0.9,开门运行倾向可导致门区剪切风险,EVI_STD_005,false
PHEN_DOOR_005,LEADS_TO,RISK_DOOR_002,0.9,夹人反开失效导致夹人风险,EVI_EXP_002,true
PHEN_DOOR_006,LEADS_TO,RISK_DOOR_003,0.8,层门晃动或脱槽趋势导致坠落井道风险,EVI_CASE_008,true
PHEN_DOOR_007,LEADS_TO,RISK_DOOR_004,0.75,电梯无法启动可能导致困人风险,EVI_CASE_002,true
PHEN_DOOR_002,LEADS_TO,RISK_DOOR_001,0.75,门关闭不到位可能导致门区剪切风险,EVI_EXP_002,true
PHEN_DOOR_003,LEADS_TO,RISK_DOOR_004,0.7,门锁回路断续可能造成无法启动和困人,EVI_CASE_002,true
PHEN_SAFETY_001,LEADS_TO,RISK_SAFETY_001,0.85,限速器动作异常导致超速失控风险,EVI_CASE_004,false
PHEN_SAFETY_002,LEADS_TO,RISK_SAFETY_002,0.9,安全钳制停距离异常导致坠落风险,EVI_CASE_004,false
PHEN_SAFETY_003,LEADS_TO,RISK_SAFETY_001,0.9,超速保护不可靠导致超速失控风险,EVI_STD_001,false
PHEN_SAFETY_004,LEADS_TO,RISK_SAFETY_003,0.85,终端越程保护异常导致终端越程风险,EVI_STD_001,false
PHEN_SAFETY_005,LEADS_TO,RISK_SAFETY_004,0.9,非预期移动保护异常导致保护失效风险,EVI_STD_001,false
PHEN_CONTROL_001,LEADS_TO,RISK_CONTROL_001,0.85,运行中异常停梯导致困人风险,EVI_CASE_005,false
PHEN_CONTROL_002,LEADS_TO,RISK_CONTROL_002,0.85,平层误差增大导致跌倒风险,EVI_CASE_006,false
PHEN_CONTROL_003,LEADS_TO,RISK_CONTROL_003,0.8,速度波动可能导致失控运行风险,EVI_EXP_004,true
PHEN_CONTROL_005,LEADS_TO,RISK_CONTROL_004,0.9,报警通信失败导致救援通信失效风险,EVI_EXP_004,true
PHEN_TRACTION_002,LEADS_TO,RISK_TRACTION_001,0.9,曳引打滑导致曳引失效风险,EVI_EXP_005,true
PHEN_TRACTION_001,LEADS_TO,RISK_TRACTION_003,0.75,轿厢振动导致运行稳定性风险,EVI_CASE_007,true
PHEN_TRACTION_003,LEADS_TO,RISK_TRACTION_003,0.7,运行噪声异常提示运行稳定性风险,EVI_EXP_005,true
PHEN_TRACTION_004,LEADS_TO,RISK_TRACTION_001,0.75,平衡异常可能加剧曳引失效风险,EVI_EXP_005,true
PHEN_TRACTION_005,LEADS_TO,RISK_TRACTION_003,0.75,轿厢导向不良导致运行稳定性风险,EVI_EXP_005,true
PHEN_BUFFER_001,LEADS_TO,RISK_BUFFER_001,0.85,缓冲器不能复位导致终端缓冲失效风险,EVI_CASE_003,true
PHEN_BUFFER_003,LEADS_TO,RISK_BUFFER_001,0.9,终端冲击增大提示缓冲失效风险,EVI_CASE_003,true
PHEN_BUFFER_004,LEADS_TO,RISK_BUFFER_002,0.8,底坑安全条件不良导致检修伤害风险,EVI_EXP_006,true
RISK_BRAKE_001,VIOLATES,CLAUSE_STD_006,0.9,轿厢非正常移动关联非预期移动保护要求,EVI_STD_001,false
RISK_BRAKE_002,VIOLATES,CLAUSE_STD_001,0.85,冲顶风险关联制动和终端保护要求,EVI_STD_001,false
RISK_BRAKE_003,VIOLATES,CLAUSE_STD_005,0.85,蹲底风险关联缓冲和终端保护要求,EVI_STD_001,false
RISK_BRAKE_004,VIOLATES,CLAUSE_STD_014,0.85,溜车风险关联制动检验项目要求,EVI_STD_004,false
RISK_DOOR_001,VIOLATES,CLAUSE_STD_002,0.9,门区剪切风险关联门锁保护要求,EVI_STD_001,false
RISK_DOOR_002,VIOLATES,CLAUSE_STD_009,0.85,夹人风险关联门系统安全评估项目,EVI_STD_003,false
RISK_DOOR_003,VIOLATES,CLAUSE_STD_015,0.85,坠落井道风险关联门锁检查要求,EVI_STD_004,false
RISK_DOOR_004,VIOLATES,CLAUSE_STD_019,0.75,困人风险关联自行检测和异常处理,EVI_STD_004,false
RISK_SAFETY_001,VIOLATES,CLAUSE_STD_004,0.9,超速失控风险关联限速器安全钳要求,EVI_STD_001,false
RISK_SAFETY_002,VIOLATES,CLAUSE_STD_016,0.9,坠落风险关联限速器安全钳试验项目,EVI_STD_004,false
RISK_SAFETY_003,VIOLATES,CLAUSE_STD_005,0.85,终端越程风险关联缓冲器和终端保护要求,EVI_STD_001,false
RISK_SAFETY_004,VIOLATES,CLAUSE_STD_006,0.9,非预期移动保护失效风险关联UCMP要求,EVI_STD_001,false
RISK_CONTROL_001,VIOLATES,CLAUSE_STD_017,0.8,异常停梯困人风险关联安全回路检查,EVI_STD_004,false
RISK_CONTROL_002,VIOLATES,CLAUSE_STD_011,0.75,平层跌倒风险关联电气控制和平层检测评估,EVI_STD_003,false
RISK_CONTROL_003,VIOLATES,CLAUSE_STD_003,0.85,失控运行风险关联电气安全装置要求,EVI_STD_001,false
RISK_CONTROL_004,VIOLATES,CLAUSE_STD_011,0.8,救援通信失效关联报警装置评估,EVI_STD_003,false
RISK_TRACTION_001,VIOLATES,CLAUSE_STD_012,0.85,曳引失效风险关联曳引系统安全评估,EVI_STD_003,false
RISK_TRACTION_002,VIOLATES,CLAUSE_STD_012,0.85,钢丝绳失效风险关联曳引系统安全评估,EVI_STD_003,false
RISK_TRACTION_003,VIOLATES,CLAUSE_STD_012,0.75,运行稳定性风险关联曳引和导向部件评估,EVI_STD_003,false
RISK_BUFFER_001,VIOLATES,CLAUSE_STD_013,0.85,终端缓冲失效风险关联缓冲器评估,EVI_STD_003,false
RISK_BUFFER_002,VIOLATES,CLAUSE_STD_018,0.75,底坑检修伤害风险关联缓冲器和底坑检查,EVI_STD_004,false
STATE_BRAKE_001,DETECTED_BY,INS_BRAKE_003,0.9,制动器磨损可由磨损检查发现,EVI_EXP_001,true
STATE_BRAKE_002,DETECTED_BY,INS_BRAKE_001,0.9,制动力下降可由制动试验发现,EVI_STD_004,false
STATE_BRAKE_003,DETECTED_BY,INS_BRAKE_001,0.9,制停距离增大可由制动试验发现,EVI_STD_004,false
STATE_BRAKE_004,DETECTED_BY,INS_BRAKE_004,0.85,释放延迟可由响应检查发现,EVI_EXP_001,true
STATE_BRAKE_005,DETECTED_BY,INS_BRAKE_004,0.85,闭合延迟可由响应检查发现,EVI_EXP_001,true
STATE_BRAKE_006,DETECTED_BY,INS_BRAKE_002,0.9,制动间隙超标可由间隙检查发现,EVI_EXP_001,true
STATE_BRAKE_007,DETECTED_BY,INS_BRAKE_003,0.85,制动轮油污可由现场检查发现,EVI_EXP_001,true
STATE_BRAKE_008,DETECTED_BY,INS_BRAKE_001,0.75,弹簧疲劳可通过制动能力异常间接发现,EVI_EXP_001,true
STATE_BRAKE_009,DETECTED_BY,INS_BRAKE_004,0.8,制动臂卡滞可由开闭响应检查发现,EVI_EXP_001,true
STATE_BRAKE_010,DETECTED_BY,INS_BRAKE_004,0.7,线圈过热可由运行观察发现,EVI_EXP_001,true
STATE_BRAKE_011,DETECTED_BY,INS_BRAKE_005,0.9,监测开关失效可由电气测试发现,EVI_EXP_001,true
STATE_BRAKE_012,DETECTED_BY,INS_BRAKE_006,0.9,制动接触器粘连可由接触器检查发现,EVI_EXP_001,true
STATE_BRAKE_013,DETECTED_BY,INS_BRAKE_007,0.9,松闸装置复位异常可由现场检查发现,EVI_EXP_001,true
STATE_DOOR_001,DETECTED_BY,INS_DOOR_001,0.9,门锁接触不良可由门锁装置检查发现,EVI_CASE_002,true
STATE_DOOR_002,DETECTED_BY,INS_DOOR_001,0.9,门锁啮合不足可由门锁检查发现,EVI_EXP_002,true
STATE_DOOR_003,DETECTED_BY,INS_DOOR_002,0.9,门锁回路短接可由回路测试发现,EVI_STD_005,false
STATE_DOOR_004,DETECTED_BY,INS_DOOR_002,0.85,门锁信号不一致可由回路测试发现,EVI_CASE_002,true
STATE_DOOR_005,DETECTED_BY,INS_DOOR_003,0.85,层门关闭不到位可由自闭检查发现,EVI_EXP_002,true
STATE_DOOR_006,DETECTED_BY,INS_DOOR_005,0.8,轿门关闭不到位可由门机运行检查发现,EVI_EXP_002,true
STATE_DOOR_007,DETECTED_BY,INS_DOOR_005,0.8,门机力矩异常可由门机运行检查发现,EVI_EXP_002,true
STATE_DOOR_008,DETECTED_BY,INS_DOOR_005,0.8,门机参数漂移可由门机运行检查发现,EVI_EXP_002,true
STATE_DOOR_009,DETECTED_BY,INS_DOOR_004,0.9,门滑块磨损脱落可由门滑块检查发现,EVI_CASE_008,true
STATE_DOOR_010,DETECTED_BY,INS_DOOR_005,0.75,门导轨异常可由门机运行检查发现,EVI_EXP_002,true
STATE_DOOR_011,DETECTED_BY,INS_DOOR_006,0.9,光幕失效可由光幕试验发现,EVI_EXP_002,true
STATE_DOOR_012,DETECTED_BY,INS_DOOR_006,0.85,安全触板失效可由触板试验发现,EVI_EXP_002,true
STATE_DOOR_013,DETECTED_BY,INS_DOOR_007,0.85,门刀门球错位可由位置检查发现,EVI_EXP_002,true
STATE_DOOR_014,DETECTED_BY,INS_DOOR_003,0.9,层门自闭力不足可由自闭检查发现,EVI_EXP_002,true
STATE_DOOR_015,DETECTED_BY,INS_DOOR_005,0.85,反复开关门趋势可由门机运行检查发现,EVI_EXP_002,true
STATE_SAFETY_001,DETECTED_BY,INS_SAFETY_001,0.9,限速器动作速度偏差可由校验发现,EVI_STD_004,false
STATE_SAFETY_002,DETECTED_BY,INS_SAFETY_001,0.85,限速器卡滞可由校验发现,EVI_CASE_004,false
STATE_SAFETY_003,DETECTED_BY,INS_SAFETY_002,0.85,安全钳楔块磨损可由联动试验和检查发现,EVI_EXP_003,true
STATE_SAFETY_004,DETECTED_BY,INS_SAFETY_002,0.9,安全钳联动不畅可由联动试验发现,EVI_CASE_004,false
STATE_SAFETY_005,DETECTED_BY,INS_SAFETY_003,0.85,限速器钢丝绳松弛可由张力检查发现,EVI_EXP_003,true
STATE_SAFETY_006,DETECTED_BY,INS_SAFETY_003,0.85,张紧装置失效可由张力检查发现,EVI_EXP_003,true
STATE_SAFETY_007,DETECTED_BY,INS_SAFETY_004,0.9,上行超速保护失效可由保护试验发现,EVI_STD_004,false
STATE_SAFETY_008,DETECTED_BY,INS_SAFETY_005,0.9,非预期移动保护失效可由UCMP试验发现,EVI_STD_004,false
STATE_SAFETY_009,DETECTED_BY,INS_SAFETY_006,0.9,终端限位失效可由终端试验发现,EVI_STD_004,false
STATE_SAFETY_010,DETECTED_BY,INS_SAFETY_006,0.9,极限开关失效可由终端试验发现,EVI_STD_004,false
STATE_CONTROL_001,DETECTED_BY,INS_CONTROL_001,0.9,安全回路接触不良可由安全回路检查发现,EVI_CASE_005,false
STATE_CONTROL_002,DETECTED_BY,INS_CONTROL_001,0.9,安全回路短接可由安全回路检查发现,EVI_STD_005,false
STATE_CONTROL_003,DETECTED_BY,INS_CONTROL_002,0.9,主接触器触点粘连可由接触器检查发现,EVI_EXP_004,true
STATE_CONTROL_004,DETECTED_BY,INS_CONTROL_002,0.9,接触器触点烧蚀可由接触器检查发现,EVI_CASE_002,true
STATE_CONTROL_005,DETECTED_BY,INS_CONTROL_003,0.85,控制柜故障记录异常可由故障记录检查发现,EVI_EXP_004,true
STATE_CONTROL_006,DETECTED_BY,INS_CONTROL_004,0.85,变频器输出异常可由参数检查发现,EVI_EXP_004,true
STATE_CONTROL_007,DETECTED_BY,INS_CONTROL_005,0.9,编码器信号丢失可由编码器检查发现,EVI_CASE_006,false
STATE_CONTROL_008,DETECTED_BY,INS_CONTROL_005,0.85,编码器信号漂移可由编码器检查发现,EVI_CASE_006,false
STATE_CONTROL_009,DETECTED_BY,INS_CONTROL_006,0.9,平层感应器偏移可由平层精度测量发现,EVI_EXP_004,true
STATE_CONTROL_010,DETECTED_BY,INS_CONTROL_007,0.85,轿厢位置检测异常可由位置检测检查发现,EVI_EXP_004,true
STATE_CONTROL_011,DETECTED_BY,INS_CONTROL_008,0.9,紧急报警失效可由通信试验发现,EVI_EXP_004,true
STATE_CONTROL_012,DETECTED_BY,INS_CONTROL_009,0.9,应急照明失效可由照明试验发现,EVI_EXP_004,true
STATE_TRACTION_001,DETECTED_BY,INS_TRACTION_002,0.9,曳引轮磨损可由轮槽检查发现,EVI_CASE_007,true
STATE_TRACTION_002,DETECTED_BY,INS_TRACTION_001,0.9,曳引能力下降可由曳引能力试验发现,EVI_EXP_005,true
STATE_TRACTION_003,DETECTED_BY,INS_TRACTION_003,0.9,钢丝绳磨损断丝可由钢丝绳检查发现,EVI_STD_004,false
STATE_TRACTION_004,DETECTED_BY,INS_TRACTION_004,0.9,钢丝绳张力不均可由张力检查发现,EVI_EXP_005,true
STATE_TRACTION_005,DETECTED_BY,INS_TRACTION_005,0.85,曳引机异响振动可由运行检查发现,EVI_EXP_005,true
STATE_TRACTION_006,DETECTED_BY,INS_TRACTION_005,0.8,曳引机制动力矩异常可由运行检查发现,EVI_EXP_005,true
STATE_TRACTION_007,DETECTED_BY,INS_TRACTION_007,0.8,导向轮磨损可由轮系轴承检查发现,EVI_EXP_005,true
STATE_TRACTION_008,DETECTED_BY,INS_TRACTION_007,0.8,反绳轮轴承异常可由轮系轴承检查发现,EVI_EXP_005,true
STATE_TRACTION_009,DETECTED_BY,INS_TRACTION_001,0.75,对重块松动可由运行和平衡检查发现,EVI_EXP_005,true
STATE_TRACTION_010,DETECTED_BY,INS_TRACTION_006,0.85,导轨变形污染可由导轨导靴检查发现,EVI_EXP_005,true
STATE_TRACTION_011,DETECTED_BY,INS_TRACTION_006,0.85,导靴磨损可由导轨导靴检查发现,EVI_EXP_005,true
STATE_BUFFER_001,DETECTED_BY,INS_BUFFER_001,0.9,缓冲器复位异常可由复位检查发现,EVI_CASE_003,true
STATE_BUFFER_002,DETECTED_BY,INS_BUFFER_001,0.8,缓冲能力下降可由复位和状态检查发现,EVI_CASE_003,true
STATE_BUFFER_003,DETECTED_BY,INS_BUFFER_003,0.9,缓冲器开关失效可由电气开关检查发现,EVI_EXP_006,true
STATE_BUFFER_004,DETECTED_BY,INS_BUFFER_002,0.9,油位不足可由油位检查发现,EVI_EXP_006,true
STATE_BUFFER_005,DETECTED_BY,INS_BUFFER_004,0.85,缓冲器底座松动腐蚀可由固定底座检查发现,EVI_EXP_006,true
STATE_BUFFER_006,DETECTED_BY,INS_BUFFER_005,0.9,底坑积水异物可由底坑环境检查发现,EVI_EXP_006,true
STATE_BRAKE_001,MITIGATED_BY,ACT_BRAKE_001,0.9,制动器磨损应调整或更换制动衬垫,EVI_EXP_001,true
STATE_BRAKE_002,MITIGATED_BY,ACT_BRAKE_009,0.85,制动力下降高风险时应停用专项检验,EVI_EXP_001,true
STATE_BRAKE_006,MITIGATED_BY,ACT_BRAKE_003,0.9,制动间隙超标应调整制动器间隙,EVI_EXP_001,true
STATE_BRAKE_007,MITIGATED_BY,ACT_BRAKE_002,0.9,制动轮油污应清洁摩擦面,EVI_EXP_001,true
STATE_BRAKE_008,MITIGATED_BY,ACT_BRAKE_004,0.85,制动弹簧疲劳应更换弹簧,EVI_EXP_001,true
STATE_BRAKE_009,MITIGATED_BY,ACT_BRAKE_005,0.85,制动臂卡滞应检修销轴,EVI_EXP_001,true
STATE_BRAKE_010,MITIGATED_BY,ACT_BRAKE_006,0.8,制动线圈过热应检修或更换线圈,EVI_EXP_001,true
STATE_BRAKE_011,MITIGATED_BY,ACT_BRAKE_007,0.85,监测开关失效应更换开关,EVI_EXP_001,true
STATE_BRAKE_012,MITIGATED_BY,ACT_BRAKE_008,0.9,制动接触器粘连应更换接触器,EVI_EXP_001,true
STATE_BRAKE_013,MITIGATED_BY,ACT_BRAKE_009,0.75,松闸装置复位异常应停用检查,EVI_EXP_001,true
STATE_DOOR_001,MITIGATED_BY,ACT_DOOR_001,0.9,门锁接触不良应清洁或更换触点,EVI_CASE_002,true
STATE_DOOR_002,MITIGATED_BY,ACT_DOOR_002,0.9,门锁啮合不足应调整啮合深度,EVI_EXP_002,true
STATE_DOOR_003,MITIGATED_BY,ACT_DOOR_003,0.9,门锁短接应拆除并追溯原因,EVI_STD_005,false
STATE_DOOR_004,MITIGATED_BY,ACT_DOOR_001,0.85,门锁信号不一致应检查门锁触点,EVI_CASE_002,true
STATE_DOOR_005,MITIGATED_BY,ACT_DOOR_004,0.85,层门关闭不到位应调整自闭装置,EVI_EXP_002,true
STATE_DOOR_007,MITIGATED_BY,ACT_DOOR_007,0.8,门机力矩异常应调试门机控制参数,EVI_EXP_002,true
STATE_DOOR_009,MITIGATED_BY,ACT_DOOR_005,0.9,门滑块磨损脱落应更换门滑块,EVI_CASE_008,true
STATE_DOOR_010,MITIGATED_BY,ACT_DOOR_006,0.8,门导轨异常应清理修复,EVI_EXP_002,true
STATE_DOOR_011,MITIGATED_BY,ACT_DOOR_008,0.9,光幕失效应更换或调试光幕,EVI_EXP_002,true
STATE_DOOR_012,MITIGATED_BY,ACT_DOOR_008,0.85,安全触板失效应更换或调试安全触板,EVI_EXP_002,true
STATE_DOOR_013,MITIGATED_BY,ACT_DOOR_009,0.85,门刀门球错位应调整位置,EVI_EXP_002,true
STATE_DOOR_014,MITIGATED_BY,ACT_DOOR_004,0.9,自闭力不足应调整或更换自闭装置,EVI_EXP_002,true
STATE_SAFETY_001,MITIGATED_BY,ACT_SAFETY_001,0.9,限速器动作速度偏差应校验或更换,EVI_STD_004,false
STATE_SAFETY_002,MITIGATED_BY,ACT_SAFETY_001,0.85,限速器卡滞应校验或更换,EVI_CASE_004,false
STATE_SAFETY_003,MITIGATED_BY,ACT_SAFETY_002,0.85,安全钳楔块磨损应检修联动机构,EVI_EXP_003,true
STATE_SAFETY_004,MITIGATED_BY,ACT_SAFETY_002,0.9,安全钳联动不畅应检修联动机构,EVI_CASE_004,false
STATE_SAFETY_005,MITIGATED_BY,ACT_SAFETY_003,0.85,限速绳松弛应调整张紧装置,EVI_EXP_003,true
STATE_SAFETY_006,MITIGATED_BY,ACT_SAFETY_003,0.85,张紧装置失效应调整或更换,EVI_EXP_003,true
STATE_SAFETY_007,MITIGATED_BY,ACT_SAFETY_004,0.9,上行超速保护失效应修复保护装置,EVI_STD_004,false
STATE_SAFETY_008,MITIGATED_BY,ACT_SAFETY_005,0.9,非预期移动保护失效应修复并复验,EVI_STD_004,false
STATE_SAFETY_009,MITIGATED_BY,ACT_SAFETY_006,0.9,终端限位失效应更换开关,EVI_STD_004,false
STATE_SAFETY_010,MITIGATED_BY,ACT_SAFETY_006,0.9,极限开关失效应更换开关,EVI_STD_004,false
STATE_CONTROL_001,MITIGATED_BY,ACT_CONTROL_001,0.9,安全回路接触不良应检修触点,EVI_EXP_004,true
STATE_CONTROL_002,MITIGATED_BY,ACT_CONTROL_002,0.9,安全回路短接应拆除并复检,EVI_STD_005,false
STATE_CONTROL_003,MITIGATED_BY,ACT_CONTROL_003,0.9,主接触器粘连应更换接触器,EVI_EXP_004,true
STATE_CONTROL_004,MITIGATED_BY,ACT_CONTROL_003,0.85,触点烧蚀应更换触点或接触器,EVI_CASE_002,true
STATE_CONTROL_005,MITIGATED_BY,ACT_CONTROL_004,0.8,故障码频发应检查控制柜,EVI_EXP_004,true
STATE_CONTROL_006,MITIGATED_BY,ACT_CONTROL_005,0.85,变频器输出异常应调整或更换,EVI_EXP_004,true
STATE_CONTROL_007,MITIGATED_BY,ACT_CONTROL_006,0.9,编码器丢失应更换编码器并校准,EVI_CASE_006,false
STATE_CONTROL_008,MITIGATED_BY,ACT_CONTROL_006,0.85,编码器漂移应校准或更换,EVI_CASE_006,false
STATE_CONTROL_009,MITIGATED_BY,ACT_CONTROL_007,0.9,平层感应器偏移应调整,EVI_EXP_004,true
STATE_CONTROL_011,MITIGATED_BY,ACT_CONTROL_008,0.9,报警失效应修复报警装置,EVI_EXP_004,true
STATE_CONTROL_012,MITIGATED_BY,ACT_CONTROL_008,0.9,应急照明失效应修复照明,EVI_EXP_004,true
STATE_TRACTION_001,MITIGATED_BY,ACT_TRACTION_001,0.85,曳引轮磨损应修复或更换,EVI_EXP_005,true
STATE_TRACTION_002,MITIGATED_BY,ACT_TRACTION_001,0.85,曳引能力下降应处理曳引轮并复验,EVI_EXP_005,true
STATE_TRACTION_003,MITIGATED_BY,ACT_TRACTION_002,0.9,钢丝绳磨损断丝应更换钢丝绳,EVI_STD_004,false
STATE_TRACTION_004,MITIGATED_BY,ACT_TRACTION_003,0.9,张力不均应调整钢丝绳张力,EVI_EXP_005,true
STATE_TRACTION_005,MITIGATED_BY,ACT_TRACTION_004,0.85,曳引机异响振动应检修曳引机,EVI_EXP_005,true
STATE_TRACTION_007,MITIGATED_BY,ACT_TRACTION_004,0.8,导向轮磨损应检修轮系,EVI_EXP_005,true
STATE_TRACTION_008,MITIGATED_BY,ACT_TRACTION_004,0.8,反绳轮轴承异常应检修轮系,EVI_EXP_005,true
STATE_TRACTION_010,MITIGATED_BY,ACT_TRACTION_005,0.85,导轨异常应清洁校正,EVI_EXP_005,true
STATE_TRACTION_011,MITIGATED_BY,ACT_TRACTION_005,0.85,导靴磨损应更换导靴,EVI_EXP_005,true
STATE_BUFFER_001,MITIGATED_BY,ACT_BUFFER_001,0.9,缓冲器复位异常应修复或更换缓冲器,EVI_CASE_003,true
STATE_BUFFER_002,MITIGATED_BY,ACT_BUFFER_001,0.9,缓冲能力下降应修复或更换缓冲器,EVI_CASE_003,true
STATE_BUFFER_003,MITIGATED_BY,ACT_BUFFER_003,0.85,缓冲器开关失效应更换开关,EVI_EXP_006,true
STATE_BUFFER_004,MITIGATED_BY,ACT_BUFFER_002,0.85,油位不足应补充油液并查漏,EVI_EXP_006,true
STATE_BUFFER_005,MITIGATED_BY,ACT_BUFFER_004,0.8,缓冲器底座松动腐蚀应加固底座,EVI_EXP_006,true
STATE_BUFFER_006,MITIGATED_BY,ACT_BUFFER_005,0.9,底坑积水异物应清理,EVI_EXP_006,true
STATE_BRAKE_002,COUPLES_WITH,STATE_TRACTION_002,0.8,制动力下降与曳引能力下降耦合会放大非预期移动风险,EVI_EXP_001,true
STATE_BRAKE_012,COUPLES_WITH,STATE_CONTROL_003,0.8,制动接触器粘连与主接触器粘连均会影响可靠停梯,EVI_EXP_004,true
STATE_DOOR_003,COUPLES_WITH,STATE_CONTROL_002,0.85,门锁回路短接与安全回路短接均属于严重保护失效,EVI_STD_005,false
STATE_DOOR_004,COUPLES_WITH,STATE_CONTROL_001,0.75,门锁信号不一致与安全回路接触不良会导致运行许可异常,EVI_EXP_002,true
STATE_SAFETY_008,COUPLES_WITH,STATE_BRAKE_002,0.85,非预期移动保护失效与制动力下降会放大非预期移动风险,EVI_EXP_003,true
STATE_CONTROL_007,COUPLES_WITH,STATE_CONTROL_006,0.75,编码器丢失与变频器输出异常会加剧速度控制风险,EVI_EXP_004,true
STATE_TRACTION_002,COUPLES_WITH,STATE_TRACTION_004,0.8,曳引能力下降与张力不均相互放大打滑风险,EVI_EXP_005,true
STATE_BUFFER_002,COUPLES_WITH,STATE_SAFETY_009,0.75,缓冲能力下降与终端限位失效会放大终端越程风险,EVI_EXP_006,true
STATE_BRAKE_002,SUPPORTED_BY,EVI_CASE_001,0.9,制动相关事故案例支持制动力下降风险路径,EVI_CASE_001,true
STATE_BRAKE_005,SUPPORTED_BY,EVI_CASE_001,0.9,制动闭合异常事故案例支持制动故障演化,EVI_CASE_001,true
STATE_DOOR_001,SUPPORTED_BY,EVI_CASE_002,0.8,门锁接触器故障案例支持门锁路径,EVI_CASE_002,true
STATE_DOOR_009,SUPPORTED_BY,EVI_CASE_008,0.7,门滑块磨损案例支持门系统路径,EVI_CASE_008,true
STATE_SAFETY_004,SUPPORTED_BY,EVI_CASE_004,0.6,安全钳联动异常公开案例支持安全保护路径,EVI_CASE_004,false
STATE_CONTROL_001,SUPPORTED_BY,EVI_CASE_005,0.6,安全回路接触不良公开案例支持异常停梯路径,EVI_CASE_005,false
STATE_CONTROL_008,SUPPORTED_BY,EVI_CASE_006,0.6,编码器异常公开案例支持平层误差路径,EVI_CASE_006,false
STATE_TRACTION_003,SUPPORTED_BY,EVI_CASE_007,0.7,钢丝绳磨损断丝检验案例支持曳引路径,EVI_CASE_007,true
STATE_BUFFER_001,SUPPORTED_BY,EVI_CASE_003,0.8,缓冲器失效形式案例支持缓冲器路径,EVI_CASE_003,true
RISK_BRAKE_001,SUPPORTED_BY,EVI_STD_001,1.0,非预期移动风险由电梯安全规范支撑,EVI_STD_001,true
RISK_DOOR_001,SUPPORTED_BY,EVI_STD_001,1.0,门区风险由电梯安全规范支撑,EVI_STD_001,true
RISK_SAFETY_002,SUPPORTED_BY,EVI_STD_001,1.0,限速器安全钳风险由安全规范支撑,EVI_STD_001,true
RISK_CONTROL_001,SUPPORTED_BY,EVI_STD_004,1.0,检验规则支撑安全回路检查,EVI_STD_004,true
RISK_BUFFER_001,SUPPORTED_BY,EVI_STD_003,1.0,在用电梯评估规范支撑缓冲器风险评估,EVI_STD_003,true
