state_id,state_name,component_id,state_level,severity,description
STATE_BRAKE_001,制动器磨损,COMP_BRAKE_003,初始异常,3,制动衬垫磨损或间隙增大
STATE_BRAKE_002,制动力下降,COMP_BRAKE_001,性能退化,4,制动器制停能力下降
STATE_BRAKE_003,制停距离增大,COMP_BRAKE_001,性能退化,4,制动后停车距离超过正常范围
STATE_BRAKE_004,制动器释放延迟,COMP_BRAKE_001,初始异常,3,制动器释放响应时间异常变长
STATE_BRAKE_005,制动器闭合延迟,COMP_BRAKE_001,初始异常,4,断电后制动器不能及时闭合
STATE_BRAKE_006,制动间隙超标,COMP_BRAKE_001,性能退化,4,制动衬垫与制动轮间隙超过允许范围
STATE_BRAKE_007,制动轮油污,COMP_BRAKE_002,初始异常,3,制动摩擦表面存在油污或污染
STATE_BRAKE_008,制动弹簧疲劳,COMP_BRAKE_004,性能退化,4,制动弹簧弹力不足
STATE_BRAKE_009,制动臂卡滞,COMP_BRAKE_005,性能退化,4,制动臂或销轴润滑不良导致动作不灵活
STATE_BRAKE_010,制动线圈过热,COMP_BRAKE_006,初始异常,3,制动线圈温升异常
STATE_BRAKE_011,制动器监测开关失效,COMP_BRAKE_007,性能退化,4,无法可靠反馈制动器开闭状态
STATE_BRAKE_012,制动接触器触点粘连,COMP_BRAKE_008,失效状态,5,制动器电源不能按控制要求切断
STATE_BRAKE_013,手动松闸装置复位异常,COMP_BRAKE_009,初始异常,3,救援后松闸装置未可靠复位
STATE_DOOR_001,门锁接触不良,COMP_DOOR_001,初始异常,4,门锁电气触点污染磨损或接触电阻增大
STATE_DOOR_002,门锁啮合深度不足,COMP_DOOR_001,性能退化,5,门锁机械啮合不满足可靠锁紧要求
STATE_DOOR_003,门锁回路短接,COMP_DOOR_011,失效状态,5,门锁安全回路被人为或故障短接
STATE_DOOR_004,门锁信号不一致,COMP_DOOR_011,性能退化,4,控制系统接收到的门锁状态与实际门状态不一致
STATE_DOOR_005,层门关闭不到位,COMP_DOOR_010,故障前状态,4,层门不能完全关闭或闭合不可靠
STATE_DOOR_006,轿门关闭不到位,COMP_DOOR_002,故障前状态,4,轿门不能完全关闭或闭合不可靠
STATE_DOOR_007,门机力矩异常,COMP_DOOR_003,初始异常,3,门机开关门力矩或电流异常
STATE_DOOR_008,门机控制参数漂移,COMP_DOOR_004,初始异常,3,门机速度位置参数偏离正常值
STATE_DOOR_009,门滑块磨损脱落,COMP_DOOR_005,性能退化,5,门滑块磨损松动或缺失
STATE_DOOR_010,门导轨积尘变形,COMP_DOOR_006,初始异常,3,门导轨积尘异物或变形影响门扇运动
STATE_DOOR_011,光幕失效,COMP_DOOR_007,失效状态,4,光幕不能检测门区障碍物
STATE_DOOR_012,安全触板动作失效,COMP_DOOR_008,失效状态,4,触板不能触发反开门
STATE_DOOR_013,门刀门球错位,COMP_DOOR_009,性能退化,4,门刀与门球配合位置异常
STATE_DOOR_014,层门自闭力不足,COMP_DOOR_010,性能退化,4,层门不能自动可靠关闭
STATE_DOOR_015,反复开关门趋势,COMP_DOOR_003,故障前状态,3,门系统反复尝试开闭
STATE_SAFETY_001,限速器动作速度偏差,COMP_SAFETY_001,性能退化,5,限速器动作速度偏离设定要求
STATE_SAFETY_002,限速器机械卡滞,COMP_SAFETY_001,失效状态,5,限速器机械部件卡阻不能可靠动作
STATE_SAFETY_003,安全钳楔块磨损,COMP_SAFETY_002,性能退化,5,安全钳楔块磨损影响夹轨能力
STATE_SAFETY_004,安全钳联动不畅,COMP_SAFETY_002,性能退化,5,安全钳动作传动机构阻滞
STATE_SAFETY_005,限速器钢丝绳松弛,COMP_SAFETY_003,初始异常,4,限速绳张力不足
STATE_SAFETY_006,张紧装置失效,COMP_SAFETY_004,性能退化,4,张紧装置不能保持限速绳张紧
STATE_SAFETY_007,上行超速保护失效,COMP_SAFETY_005,失效状态,5,上行超速时保护不能可靠动作
STATE_SAFETY_008,非预期移动保护失效,COMP_SAFETY_006,失效状态,5,门区非预期移动保护不能可靠动作
STATE_SAFETY_009,终端限位失效,COMP_SAFETY_007,失效状态,5,终端限位开关不能可靠动作
STATE_SAFETY_010,极限开关失效,COMP_SAFETY_008,失效状态,5,终端越程时极限保护不能切断
STATE_CONTROL_001,安全回路接触不良,COMP_CONTROL_001,初始异常,4,安全回路触点断续或接触电阻异常
STATE_CONTROL_002,安全回路短接,COMP_CONTROL_001,失效状态,5,安全回路被人为或故障短接
STATE_CONTROL_003,主接触器触点粘连,COMP_CONTROL_002,失效状态,5,主接触器不能可靠断开
STATE_CONTROL_004,接触器触点烧蚀,COMP_CONTROL_003,性能退化,4,触点磨损烧蚀导致接触不可靠
STATE_CONTROL_005,控制柜故障记录异常,COMP_CONTROL_004,初始异常,3,控制系统出现重复故障码
STATE_CONTROL_006,变频器输出异常,COMP_CONTROL_005,性能退化,4,驱动输出转矩或速度控制异常
STATE_CONTROL_007,编码器信号丢失,COMP_CONTROL_006,失效状态,5,速度或位置反馈丢失
STATE_CONTROL_008,编码器信号漂移,COMP_CONTROL_006,性能退化,4,速度位置反馈出现偏差
STATE_CONTROL_009,平层感应器偏移,COMP_CONTROL_007,性能退化,4,平层检测位置偏移
STATE_CONTROL_010,轿厢位置检测异常,COMP_CONTROL_008,性能退化,4,轿厢位置检测与实际位置不一致
STATE_CONTROL_011,紧急报警失效,COMP_CONTROL_009,失效状态,4,困人时报警通信不可用
STATE_CONTROL_012,应急照明失效,COMP_CONTROL_010,失效状态,3,停电或困人时轿厢无应急照明
STATE_TRACTION_001,曳引轮磨损,COMP_TRACTION_002,性能退化,4,曳引轮槽磨损影响曳引能力
STATE_TRACTION_002,曳引能力下降,COMP_TRACTION_002,性能退化,5,曳引摩擦能力不足
STATE_TRACTION_003,曳引钢丝绳磨损断丝,COMP_TRACTION_003,性能退化,5,钢丝绳磨损断丝或直径减小
STATE_TRACTION_004,曳引钢丝绳张力不均,COMP_TRACTION_003,初始异常,4,各根钢丝绳张力差异过大
STATE_TRACTION_005,曳引机异响振动,COMP_TRACTION_001,初始异常,3,曳引机运行中出现异常噪声或振动
STATE_TRACTION_006,曳引机制动力矩异常,COMP_TRACTION_001,性能退化,4,曳引机输出能力异常
STATE_TRACTION_007,导向轮磨损,COMP_TRACTION_004,性能退化,3,导向轮槽磨损或轴承异常
STATE_TRACTION_008,反绳轮轴承异常,COMP_TRACTION_005,性能退化,3,反绳轮转动不灵活或异响
STATE_TRACTION_009,对重块松动,COMP_TRACTION_006,故障前状态,4,对重块压紧或固定异常
STATE_TRACTION_010,导轨变形污染,COMP_TRACTION_007,性能退化,4,导轨变形油污或异物影响运行
STATE_TRACTION_011,导靴磨损,COMP_TRACTION_008,性能退化,3,导靴磨损导致运行晃动
STATE_BUFFER_001,缓冲器复位异常,COMP_BUFFER_001,性能退化,5,缓冲器动作后不能可靠复位
STATE_BUFFER_002,缓冲能力下降,COMP_BUFFER_001,性能退化,5,缓冲器吸能能力不足
STATE_BUFFER_003,缓冲器开关失效,COMP_BUFFER_002,失效状态,4,缓冲器复位状态不能被电气检测
STATE_BUFFER_004,油压缓冲器油位不足,COMP_BUFFER_003,初始异常,4,油压缓冲器油量不足或泄漏
STATE_BUFFER_005,缓冲器底座松动腐蚀,COMP_BUFFER_004,性能退化,4,底座固定不可靠或腐蚀
STATE_BUFFER_006,底坑积水异物,COMP_BUFFER_005,初始异常,3,底坑存在积水油污或异物
